davies roa.dd,67,apartment 31
davies roaa.d,67,apt. 57
davies rooa.d,67,apartment 61
davies rroa.d,67,suite 10
davies roo.ad,67,flat 63
davies ro.aa,67,suite 21
davies rooa.d,67,unit. 8
davies r.oa,67,room 65
davies rooa.d,67,door. 79
davies roa.dd,67,flat. 1
davies ro.aa,67,door 61
davies ro.aa,67,unit 76
davies roaad.,67,room 45
davies road.d,67,apartment 13
davies ro.ad,67,door 65
davies roo.ad,67,room 74
davies roo.ad,67,room 45
davies .rd,67,flat 80
davies roa.dd,67,room 51
davies roa.a,67,apartment 57
davies rooa.d,67,floor 18
davies ro.a,67,apt. 76
davies r.oa,67,suite 16
davies roa.,67,flat 60
davies ro.ad,67,room 84
davies roaa.d,67,suite 17
davies rooa.d,67,room 78
davies roaad.,67,suite 11
davies roadd.,67,suite 14
davies rd.,67,floor. 11
davies .rd,67,apt 72
davies roadd.,67,flat. 86
davies ro.ad,67,door 74
davies roaa.d,67,suite 31
davies roadd.,67,unit. 80
davies r.oa,67,apt. 5
davies rdd.,67,suite 71
davies rooad.,67,unit. 27
davies road.,67,apartment 1
davies roadd.,67,door 39
davies .rd,67,room 97
davies ro.aa,67,suite. 72
davies rooad.,67,door 97
davies ro.a,67,apt 11
davies rroa.d,67,door. 78
davies ro.ad,67,flat 22
davies roa.ad,67,unit. 38
davies roo.ad,67,unit. 1
davies r.d,67,apt 99
davies .rd,67,apt. 90
davies r.oa,67,apartment 98
davies road.,67,apt 68
davies roa.dd,67,door. 8
davies roa.ad,67,floor 43
davies roa.dd,67,suite 42
davies roaad.,67,door. 83
davies r.oa,67,flat 37
davies rdd.,67,suite 45
davies ro.aa,67,apt 33
davies roa.dd,67,floor. 37
davies ro.a,67,door. 42
davies roaad.,67,unit 27
davies ro.aa,67,apt. 31
davies roadd.,67,unit. 49
davies rroa.d,67,suite 46
davies roaad.,67,door. 11
davies r.dd,67,unit 58
davies .rd,67,apt 14
davies rroa.d,67,floor 94
davies ro.a,67,apt. 87
davies roaa.,67,floor. 62
davies roaad.,67,apartment 83
davies roa.a,67,unit 9
davies rroad.,67,floor 82
davies roa.d,67,flat 35
davies roa.a,67,room 79
davies .rd,67,flat 7
davies roadd.,67,door. 67
davies roa.a,67,flat. 16
davies road.d,67,unit 26
davies rroa.d,67,unit. 16
davies roaa.,67,flat. 88
davies road.d,67,suite 86
davies rooad.,67,floor 17
davies roa.a,67,flat. 84
davies rroa.d,67,apt 93
davies roa.dd,67,suite 78
davies ro.a,67,unit 76
davies rd.d,67,apt. 15
davies roadd.,67,door 40
davies roa.ad,67,room 92
davies roaa.,67,flat 52
davies rooa.d,67,floor 75
davies ro.ad,67,floor. 17
davies rro.ad,67,apartment 47
davies roaa.,67,door. 91
davies ro.aa,67,flat. 21
davies rd.d,67,door 92
davies ro.a,67,unit. 64
davies rro.ad,67,suite. 33
davies roaad.,67,unit. 50
davies roadd.,67,floor 29
davies rooa.d,67,flat. 60
davies roadd.,67,floor 82
davies rooa.d,67,unit 24
davies rooad.,67,floor 16
davies roaa.,67,suite 38
davies ro.a,67,floor. 85
davies rdd.,67,apartment 36
davies roa.,67,apartment 93
davies ro.ad,67,apt 23
davies rooa.d,67,flat. 73
davies rro.ad,67,apartment 40
davies roo.ad,67,unit. 98
davies ro.a,67,door 28
davies road.,67,door 61
davies rroa.d,67,apt. 77
davies roo.ad,67,flat. 93
davies roa.d,67,unit. 48
davies ro.ad,67,suite. 30
davies roaa.,67,floor. 5
davies roadd.,67,apt 88
davies roa.d,67,door. 48
davies roaad.,67,unit 87
davies roo.ad,67,unit. 93
davies rroad.,67,door. 88
davies roa.ad,67,flat. 92
davies road.,67,unit. 50
davies r.dd,67,suite. 76
davies rd.d,67,suite. 64
davies .rd,67,door. 9
davies rdd.,67,apt 76
davies roa.,67,door. 76
davies rdd.,67,floor 89
davies roaad.,67,apartment 15
davies road.,67,apartment 4
davies rooad.,67,flat. 5
davies roadd.,67,room 91
davies rooad.,67,floor. 90
davies rooa.d,67,door. 55
davies rd.,67,suite. 19
davies roa.d,67,suite. 80
davies r.oa,67,apt. 95
davies ro.ad,67,flat. 71
davies roa.a,67,room 19
davies roa.,67,apartment 12
davies rd.d,67,flat 24
davies road.d,67,flat 72
davies .rd,67,door 63
davies rro.ad,67,floor 55
davies r.dd,67,apartment 27
davies roaad.,67,flat 18
davies roa.,67,floor 76
davies rroad.,67,room 31
davies roo.ad,67,apartment 6
davies rd.,67,apartment 77
davies r.dd,67,suite 19
davies rooa.d,67,apt 23
davies roa.dd,67,suite 70
davies roo.ad,67,flat. 42
davies rooa.d,67,apt 9
davies roadd.,67,floor. 3
davies roaa.,67,floor. 98
davies rdd.,67,room 9
davies roaad.,67,apt 21
davies roa.,67,flat. 64
davies roadd.,67,apartment 92
davies r.d,67,suite 52
davies .rd,67,flat 81
davies r.oa,67,flat. 2
davies .rd,67,floor. 64
davies ro.aa,67,flat 40
davies roa.,67,apt 65
davies rd.,67,door. 93
davies roaad.,67,flat 85
davies roa.ad,67,flat. 56
davies .rd,67,flat. 48
davies .rd,67,flat. 88
davies roo.ad,67,floor. 60
davies rro.ad,67,door 11
davies roaa.d,67,apt 71
davies rooa.d,67,floor 39
davies r.dd,67,apt 16
davies r.oa,67,floor. 73
davies roaa.d,67,room 56
davies r.oa,67,apt. 41
davies rd.d,67,flat 56
davies r.oa,67,unit. 70
davies roadd.,67,flat. 57
davies roa.d,67,flat. 28
davies rd.,67,apt. 78
davies roaa.,67,unit. 32
davies .rd,67,flat. 55
davies .rd,67,suite 61
davies roa.dd,67,door 7
davies roa.ad,67,door 70
davies rdd.,67,unit. 36
davies road.,67,unit 51
davies rd.d,67,unit 22
davies rdd.,67,unit 3
